date,weekday,employee_id,planned_shift,planned_hours,clock_in,clock_out,clock_source,break_min,worked_hours,absence_code,paid_absence_hours,processed_hours,processed_status,correction
2025-11-03,Mon,STR-0412,Flex 7.6h (core 09:30-15:30),7.6,08:30,16:37,Protime terminal HQ,30,7.62,,0,7.62,validated,
2025-11-04,Tue,STR-0412,Flex 7.6h (core 09:30-15:30),7.6,08:20,16:27,Protime terminal HQ,30,7.62,,0,7.62,validated,
2025-11-05,Wed,STR-0412,Flex 7.6h (core 09:30-15:30),7.6,08:37,16:45,Protime app (remote),30,7.64,,0,7.64,validated,
2025-11-06,Thu,STR-0412,Flex 7.6h (core 09:30-15:30),7.6,08:39,16:33,Protime terminal HQ,30,7.4,,0,7.4,validated,
2025-11-07,Fri,STR-0412,Flex 7.6h (core 09:30-15:30),7.6,08:50,17:06,Protime terminal HQ,30,7.77,,0,7.77,validated,
2025-11-10,Mon,STR-0412,Flex 7.6h (core 09:30-15:30),7.6,08:28,16:41,Protime terminal HQ,30,7.73,,0,7.73,validated,
2025-11-11,Tue,STR-0412,Public holiday,7.6,,,,0,0,PUBLIC_HOLIDAY,7.6,7.6,validated,
2025-11-12,Wed,STR-0412,Flex 7.6h (core 09:30-15:30),7.6,08:00,16:12,Protime app (remote),30,7.7,,0,7.7,validated,
2025-11-13,Thu,STR-0412,Flex 7.6h (core 09:30-15:30),7.6,08:25,16:49,Protime terminal HQ,30,7.91,,0,7.91,validated,
2025-11-14,Fri,STR-0412,Flex 7.6h (core 09:30-15:30),7.6,08:33,16:40,Protime terminal HQ,30,7.63,,0,7.63,validated,
2025-11-17,Mon,STR-0412,Flex 7.6h (core 09:30-15:30),7.6,08:36,16:53,Protime terminal HQ,30,7.79,,0,7.79,validated,
2025-11-18,Tue,STR-0412,Flex 7.6h (core 09:30-15:30),7.6,08:17,16:35,Protime terminal HQ,30,7.81,,0,7.81,validated,
2025-11-19,Wed,STR-0412,Flex 7.6h (core 09:30-15:30),7.6,08:07,16:02,Protime app (remote),30,7.43,,0,7.43,validated,
2025-11-20,Thu,STR-0412,Flex 7.6h (core 09:30-15:30),7.6,08:49,17:09,Protime terminal HQ,30,7.84,,0,7.84,validated,
2025-11-21,Fri,STR-0412,Flex 7.6h (core 09:30-15:30),7.6,08:53,17:00,Protime terminal HQ,30,7.62,,0,7.62,validated,
2025-11-24,Mon,STR-0412,Flex 7.6h (core 09:30-15:30),7.6,08:28,16:38,Protime terminal HQ,30,7.68,,0,7.68,validated,
2025-11-25,Tue,STR-0412,Flex 7.6h (core 09:30-15:30),7.6,08:26,16:39,Protime terminal HQ,30,7.72,,0,7.72,validated,
2025-11-26,Wed,STR-0412,Flex 7.6h (core 09:30-15:30),7.6,08:23,16:29,Protime app (remote),30,7.6,,0,7.6,validated,
2025-11-27,Thu,STR-0412,Flex 7.6h (core 09:30-15:30),7.6,08:24,16:49,Protime terminal HQ,30,7.93,,0,7.93,validated,
2025-11-28,Fri,STR-0412,Flex 7.6h (core 09:30-15:30),7.6,08:20,16:31,Protime terminal HQ,30,7.69,,0,7.69,validated,
2025-12-01,Mon,STR-0412,Flex 7.6h (core 09:30-15:30),7.6,08:26,16:44,Protime terminal HQ,30,7.8,,0,7.8,validated,
2025-12-02,Tue,STR-0412,Flex 7.6h (core 09:30-15:30),7.6,08:33,16:42,Protime terminal HQ,30,7.66,,0,7.66,validated,
2025-12-03,Wed,STR-0412,Flex 7.6h (core 09:30-15:30),7.6,08:43,17:05,Protime app (remote),30,7.87,,0,7.87,validated,
2025-12-04,Thu,STR-0412,Flex 7.6h (core 09:30-15:30),7.6,08:16,16:16,Protime terminal HQ,30,7.5,,0,7.5,validated,
2025-12-05,Fri,STR-0412,Flex 7.6h (core 09:30-15:30),7.6,08:35,17:02,Protime terminal HQ,30,7.96,,0,7.96,validated,
2025-12-08,Mon,STR-0412,Flex 7.6h (core 09:30-15:30),7.6,08:50,17:23,Protime terminal HQ,30,8.05,,0,8.05,validated,
2025-12-09,Tue,STR-0412,Flex 7.6h (core 09:30-15:30),7.6,08:46,17:05,Protime terminal HQ,30,7.83,,0,7.83,validated,
2025-12-10,Wed,STR-0412,Flex 7.6h (core 09:30-15:30),7.6,08:15,16:15,Protime app (remote),30,7.5,,0,7.5,validated,APR-7781 clock-out added by manager from badge data
2025-12-11,Thu,STR-0412,Flex 7.6h (core 09:30-15:30),7.6,08:51,17:02,Protime terminal HQ,30,7.69,,0,7.69,validated,
2025-12-12,Fri,STR-0412,Flex 7.6h (core 09:30-15:30),7.6,08:52,17:01,Protime terminal HQ,30,7.65,,0,7.65,validated,
2025-12-15,Mon,STR-0412,Flex 7.6h (core 09:30-15:30),7.6,08:27,16:23,Protime terminal HQ,30,7.44,,0,7.44,validated,
2025-12-16,Tue,STR-0412,Flex 7.6h (core 09:30-15:30),7.6,08:20,16:08,Protime terminal HQ,30,7.31,,0,7.31,validated,
2025-12-17,Wed,STR-0412,Flex 7.6h (core 09:30-15:30),7.6,08:10,16:19,Protime app (remote),30,7.66,,0,7.66,validated,
2025-12-18,Thu,STR-0412,Flex 7.6h (core 09:30-15:30),7.6,08:19,16:31,Protime terminal HQ,30,7.7,,0,7.7,validated,
2025-12-19,Fri,STR-0412,Flex 7.6h (core 09:30-15:30),7.6,08:53,16:50,Protime terminal HQ,30,7.45,,0,7.45,validated,
2025-12-22,Mon,STR-0412,Flex 7.6h (core 09:30-15:30),7.6,08:12,16:21,Protime terminal HQ,30,7.65,,0,7.65,validated,
2025-12-23,Tue,STR-0412,Flex 7.6h (core 09:30-15:30),7.6,08:48,17:12,Protime terminal HQ,30,7.9,,0,7.9,validated,
2025-12-24,Wed,STR-0412,Flex 7.6h (core 09:30-15:30),7.6,08:10,16:13,Protime app (remote),30,7.56,,0,7.56,validated,
2025-12-25,Thu,STR-0412,Public holiday,7.6,,,,0,0,PUBLIC_HOLIDAY,7.6,7.6,validated,
2025-12-26,Fri,STR-0412,Flex 7.6h (core 09:30-15:30),7.6,08:41,16:58,Protime terminal HQ,30,7.79,,0,7.79,validated,
2025-12-29,Mon,STR-0412,Flex 7.6h (core 09:30-15:30),7.6,,,,0,0,VACATION,7.6,7.6,validated,APR-7803
2025-12-30,Tue,STR-0412,Flex 7.6h (core 09:30-15:30),7.6,,,,0,0,VACATION,7.6,7.6,validated,APR-7803
2025-12-31,Wed,STR-0412,Flex 7.6h (core 09:30-15:30),7.6,,,,0,0,VACATION,7.6,7.6,validated,APR-7803
2026-01-01,Thu,STR-0412,Public holiday,7.6,,,,0,0,PUBLIC_HOLIDAY,7.6,7.6,validated,
2026-01-02,Fri,STR-0412,Flex 7.6h (core 09:30-15:30),7.6,08:45,17:00,Protime terminal HQ,30,7.76,,0,7.76,validated,
2026-01-05,Mon,STR-0412,Flex 7.6h (core 09:30-15:30),7.6,08:20,16:22,Protime terminal HQ,30,7.54,,0,7.54,validated,
2026-01-06,Tue,STR-0412,Flex 7.6h (core 09:30-15:30),7.6,08:36,16:37,Protime terminal HQ,30,7.52,,0,7.52,validated,
2026-01-07,Wed,STR-0412,Flex 7.6h (core 09:30-15:30),7.6,08:33,16:41,Protime app (remote),30,7.64,,0,7.64,validated,
2026-01-08,Thu,STR-0412,Flex 7.6h (core 09:30-15:30),7.6,08:43,17:06,Protime terminal HQ,30,7.89,,0,7.89,validated,
2026-01-09,Fri,STR-0412,Flex 7.6h (core 09:30-15:30),7.6,08:37,16:38,Protime terminal HQ,30,7.52,,0,7.52,validated,
2026-01-12,Mon,STR-0412,Flex 7.6h (core 09:30-15:30),7.6,08:17,16:48,Protime terminal HQ,30,8.03,,0,8.03,validated,
2026-01-13,Tue,STR-0412,Flex 7.6h (core 09:30-15:30),7.6,08:43,17:01,Protime terminal HQ,30,7.8,,0,7.8,validated,
2026-01-14,Wed,STR-0412,Flex 7.6h (core 09:30-15:30),7.6,08:30,16:39,Protime app (remote),30,7.66,,0,7.66,validated,
2026-01-15,Thu,STR-0412,Flex 7.6h (core 09:30-15:30),7.6,08:48,16:51,Protime terminal HQ,30,7.55,,0,7.55,validated,
2026-01-16,Fri,STR-0412,Flex 7.6h (core 09:30-15:30),7.6,08:29,16:21,Protime terminal HQ,30,7.38,,0,7.38,validated,
2026-01-19,Mon,STR-0412,Flex 7.6h (core 09:30-15:30),7.6,08:26,16:32,Protime terminal HQ,30,7.6,,0,7.6,validated,
2026-01-20,Tue,STR-0412,Flex 7.6h (core 09:30-15:30),7.6,08:44,17:10,Protime terminal HQ,30,7.94,,0,7.94,validated,
2026-01-21,Wed,STR-0412,Flex 7.6h (core 09:30-15:30),7.6,08:07,16:15,Protime app (remote),30,7.64,,0,7.64,validated,
2026-01-22,Thu,STR-0412,Flex 7.6h (core 09:30-15:30),7.6,08:17,16:26,Protime terminal HQ,30,7.65,,0,7.65,validated,
2026-01-23,Fri,STR-0412,Flex 7.6h (core 09:30-15:30),7.6,08:30,16:43,Protime terminal HQ,30,7.72,,0,7.72,validated,
2026-01-26,Mon,STR-0412,Flex 7.6h (core 09:30-15:30),7.6,08:16,16:43,Protime terminal HQ,30,7.96,,0,7.96,validated,
2026-01-27,Tue,STR-0412,Flex 7.6h (core 09:30-15:30),7.6,08:16,16:25,Protime terminal HQ,30,7.66,,0,7.66,validated,
2026-01-28,Wed,STR-0412,Flex 7.6h (core 09:30-15:30),7.6,08:31,16:30,Protime app (remote),30,7.49,,0,7.49,validated,
2026-01-29,Thu,STR-0412,Flex 7.6h (core 09:30-15:30),7.6,08:29,16:37,Protime terminal HQ,30,7.64,,0,7.64,validated,
2026-01-30,Fri,STR-0412,Flex 7.6h (core 09:30-15:30),7.6,08:51,16:55,Protime terminal HQ,30,7.58,,0,7.58,validated,
