date,weekday,employee_id,type,location,registered_in,approved_by
2025-11-05,Wed,STR-0412,structural,home,HR tool,Koen Peeters
2025-11-12,Wed,STR-0412,structural,home,HR tool,Koen Peeters
2025-11-19,Wed,STR-0412,structural,home,HR tool,Koen Peeters
2025-11-26,Wed,STR-0412,structural,home,HR tool,Koen Peeters
2025-12-03,Wed,STR-0412,structural,home,HR tool,Koen Peeters
2025-12-10,Wed,STR-0412,structural,home,HR tool,Koen Peeters
2025-12-17,Wed,STR-0412,structural,home,HR tool,Koen Peeters
2025-12-24,Wed,STR-0412,structural,home,HR tool,Koen Peeters
2026-01-07,Wed,STR-0412,structural,home,HR tool,Koen Peeters
2026-01-14,Wed,STR-0412,structural,home,HR tool,Koen Peeters
2026-01-21,Wed,STR-0412,structural,home,HR tool,Koen Peeters
2026-01-28,Wed,STR-0412,structural,home,HR tool,Koen Peeters
